Qty,Option Name,Part ID,Option Total
1.0,Axle - Underslung ,15679,0.0
1.0,Cabs - Smokey MTN ILO Shaker ,56282,545.0
2.0,Ceiling Fan - Wire and Brace Only w/2 Switches LOC: LR & MBR,16654,170.0
2.0,Chassis - Recessed (per Floor) ,17480,540.0
1.0,Dishwasher - Stainless Steel ,1536,495.0
1.0,"Door - Exterior - 9 Lite ILO Standard - 36"" ",16510,205.0
1.0,Door - Exterior - Painted PAINT FRONT DOOR :   TRICORN BLACK,3144,140.0
1.0,Edge - Tile Shower ,1786,155.0
10.5,Floor Covering - Vinyl ILO Carpet (per LF) LOC: DR,9097,210.0
1.0,Hose Bibb - Frost Free SEE PRINT,2100,60.0
1.0,Icemaker - Plumbed Only ,189,0.0
1.0,Insulation - Ceiling R40 (per SF) ,18531,0.6
1.0,Insulation - Floor R38 ILO Standard (per SF) ,18530,0.75
1.0,Microwave - Over Range - Stainless Steel ,2308,845.0
1.0,Package - Appliance - PKG III - Electric - Stainless ,34894,2995.0
60.0,Package - Energy Star Certified DW (per LF) ,19150,2400.0
1.0,"Package - Tall Wall HD **INCLUDES:  UNDERSLUNG AXLES, 9' FLAT CEILING T/O, 3/12 NOMINAL ROOF PITCH, 80"" WINDOWS REPLACING STANDARD PER PRINT, 59"" WINDOWS IN KITCHEN 48"" OVERHEAD KITCHEN CABINETS, FULL TILE KITCHEN BACKSPLASH W/ACCENT, ROUNDED CORNERS T/O, CEILING COVE IN LR-DR-KIT-HALL, 5-1/4"" BASEBOARD IN LR-DR-KIT-HALL, 2ND SINK IN MASTER BATH, U/G EXTERIOR FDS, PER ELEVATION**_x000D_
XX CHANGE SHOWER IN MBATH (SEE BELOW)",17998,3589.0
1.0,Range - Electric - Smooth Top - Self Cleaning - Stnls Stl ,27200,395.0
1.0,Refrigerator - 25 CF SxS w/Ice & Water in Door - Stnl Stl ,27211,9999.0
62.0,Roof - Metal - Standing Seam DW (per LF) INSTALL METAL ROOF ILO STD,19415,5890.0
1.0,Rounded Corners T/O ,3127,325.0
1.0,"Shower - Spa - Shower AD, HD. 5000 ",50147,2095.0
1.0,Thermostat - Programmable (P) ,7229,85.0
4.0,"Tile Backsplash - 6"" Mosaic (per LF) MOSAIC BACKSPLASH COLOR: STARLIGHT GLASS SUBWAY",16613,72.0
6.0,"Tile Backsplash - 6"" Mosaic (per LF) MOSAIC BACKSPLASH TILE COLOR:   STARLIGHT GLASS SUBWAY",16613,108.0
1.0,"Tub/Shower One Piece 60"" ILO 4 PC ",19686,525.0
