Qty,Option Name,Part ID,Option Total
8.0,Axle - Brake Axle replaces Idler Axle ,1172,640.0
1.0,Base Cab - ILO Knee Space - M/Bath ,63332,220.0
1.0,Cab Doors - Alder ILO Standard ,16587,2400.0
2.0,Chassis - Recessed (per Floor) ,17480,540.0
1.0,Dishwasher - Stainless Steel ,1536,495.0
1.0,Door - Exterior - 1/2 Lite ILO Standard ,19419,155.0
1.0,Door - Exterior - 1/2 Lite ILO Standard ,19419,155.0
1.0,Dormer - Coffered Tower - 3 Bay LOC: LR,16527,2595.0
2.0,Ducts - In Floor Crossover (ea) ,16541,250.0
2.5,Edge - Crescent (per LF) ,17492,12.5
10.5,Edge - Crescent (per LF) ,17492,52.5
55.0,Edge - Crescent (per LF) ,17492,275.0
6.5,Edge - Crescent (per LF) ,17492,32.5
1.0,Edge - Tile Tub/Shower ,1787,155.0
1.0,Faucet - Pull-Out Faucet - B.N. Arbor ,17435,275.0
65.0,"Floor Covering - Vinyl ILO Carpet (per LF) LOC: LR, BR3, BR2, HALLWAY, DR AND MBR",9097,1300.0
1.0,Hardware - Door Interior Levers - Silver ,16625,125.0
1.0,Hose Bibb - Frost Free ,2100,60.0
1.0,Icemaker - Plumbed Only ,189,0.0
1.0,Interior Trim - Upgrade Door T/O ,19235,225.0
4.0,Light - Can - Additional LOC: LR,16651,300.0
1.0,Microwave - Over Range - Stainless Steel ,2308,995.0
1.0,"Overhead Cab - Utility - 56"" ",16606,300.0
1.0,Package - Appliance - PKG III - Electric - Stainless ,34894,2995.0
1.0,Package - Faucet EVA - Brushed Nickel ,17687,1295.0
1.0,Package - WUI DW ,19488,1400.0
1.0,"Plt310 - Package - Hardware - Satin Silver **INCLUDES:  SATIN SILVER CAB KNOBS, INTERIOR DOOR LEVER HANDLES, DOOR HINGES T/O**",16454,175.0
1.0,Range - Electric - Smooth Top - Self Cleaning - Stnls Stl ,27200,395.0
1.0,Recept - Exterior - GFI - Add ,3033,80.0
1.0,Refrigerator - 25 CF SxS w/Ice & Water in Door - Stnl Stl ,27211,9999.0
43.0,Ship Loose - Transition Bar - Color Match (per LF) ,58875,279.5
1.0,"Shower - 60"" Tile Shower ILO 4pc Tub/Shower WALL TILE COLOR: PIAZZA SILVER_x000D_
ACCENT COLOR: STARLIGHT GLASS",53531,1095.0
171.0,"Sidewalls - 16"" OC ILO 24"" OC Perimeter (per LF) ",50882,2052.0
166.0,Siding - Board & Batt - Add (per Perimeter Ft) ,18919,1328.0
1.0,Tile - Accent in Tile Shower ,16677,140.0
10.5,"Tile Backsplash - 6"" Mosaic (per LF) ",16613,189.0
6.5,"Tile Backsplash - 6"" Mosaic (per LF) ",16613,117.0
2.5,"Tile Backsplash - 6"" Mosaic (per LF) ",16613,45.0
1.0,Tile Backsplash - Behind Range - Full Mosaic ,17500,175.0
1.0,Tile Backsplash - Full Wall - Mosaic Tile ,9998,750.0
1.0,"Tub/Shower One Piece 60"" ILO 4 PC ",19686,525.0
