Qty,Option Name,Part ID,Option Total
1.0,Base Cab - Drawer Bank - Additional - M/Bath ,17842,125.0
1.0,Ceiling Fan - Wire and Brace Only w/2 Switches LOC: LR,16654,85.0
2.0,Chassis - Recessed (per Floor) ,17480,540.0
1.0,Conduit - Heat Pump Ready ,16655,60.0
5.0,Countertop - Solid Surface - Level 1 (per Sq Ft) ,18840,275.0
15.0,Countertop - Solid Surface - Level 1 (per Sq Ft) ,18840,825.0
1.0,Dishwasher - Stainless Steel ,1536,495.0
1.0,Door - Exterior - 3 Lite Craftsman ILO Standard ,35784,995.0
4.0,"Door - Interior - 36"" ILO Standard MST BDRM, BDRM-2, MST BATH, MST CLOSET_x000D_
NOTE: SQUARE OFF MST BATH CLOSET TO FIT DOOR",17414,600.0
1.0,Door - Interior - Add UTILITY TO GBATH,276,150.0
1.0,Door - Interior - Double STUDY,1602,395.0
1.0,Door - Interior - Utility Room w/Air Return ,16623,150.0
1.0,Dormer - Grandview - 3 Window LOC: LR,17490,3495.0
1.0,Drawer Guides - Full Access T/O ,19340,175.0
2.0,Ducts - In Floor Crossover (ea) ,16541,250.0
24.0,"Eaves - Cut-back - per LF CUT BACK EAVES: 24' BETWEEN KITCHEN WINDOW & BDRM-2 WINDOW (SEE PRINT)_x000D_
KEEP STD VERTICAL SIDING IN THIS AREA",56420,240.0
1.0,Edge - Tile Shower ,1786,155.0
1.0,Faucet - Single Lever - Lavy - Moen ,16685,65.0
1.0,Faucet - Single Lever - Lavy - Moen ,16685,65.0
2550.0,"Fee - Cabinetry Change HARDWOOD CABS ILO PLANT BUILT-INCLUDES CAB DEVIATION; MORE THAN ONE COLOR. CABS TO BE:_x000D_
ALL KITCHEN CABINETS: KNOTTY ALDER_x000D_
UTILITY CABINETS: KNOTTY ALDER_x000D_
MBA CABINETS: WHITE SHAKER_x000D_
BA2 CABINETS: WHITE SHAKER",4066,2550.0
200.0,"Fee - Exterior Change BASE COLOR: SW7736 ""GARDEN SAGE""_x000D_
ACCENT COLOR: SW7557 ""SUMMER WHITE""",16189,200.0
1.0,Fee - Stretch ,19346,500.0
77.0,Floor Covering - Vinyl ILO Carpet (per LF) VINYL T/O HOME,9097,1540.0
1.0,Floor Joist - 2x8 ,1965,9999.0
1.0,Garbage Disposal - 1/2 HP ,200,145.0
1.0,Hardware - Door Interior Levers - Silver ,16625,125.0
1.0,Heat - Perimeter ,2973,225.0
1.0,Heat Pump Ready Furnace Kit w/Conduit ,52361,150.0
2.0,Hose Bibb - Frost Free ,2100,120.0
1.0,Icemaker - Plumbed Only ,189,0.0
1.0,Insulation - Ceiling R44 ,9868,9999.0
1.0,Insulation - Floor R11 Blanket Plus Full Cellulose ,54313,9999.0
1.0,Insulation - R9 - Header Rigid Foam ,54314,9999.0
1.0,Interior Trim - Upgrade Baseboard & Door T/O ,19234,595.0
1.0,Interior Trim - Upgrade Door T/O ,19235,225.0
1.0,Lavy - China Bath Lavy - Addt'l ,6869,280.0
6.0,"Light - Can - Additional LOC: _x000D_
DINING ROOM (2) ILO CHANDELIER_x000D_
MBR CLOSET (1)_x000D_
BATH 2 (2)_x000D_
MASTER BATH (1)",16651,450.0
1.0,"Meter Base - Recessed SET 36"" FROM TOP OF RIM JOIST TO CENTER OF BUBBLE",28159,1050.0
1.0,Microwave - Over Range - Stainless Steel ,2308,995.0
1.0,Overhead Cab - Lined Underside ,16608,85.0
1.0,"Overhead Cab - Utility - 14"" Pair w/Rod ",17612,170.0
1.0,Package - Appliance - PKG III - Electric - Stainless ,34894,2995.0
1.0,Package - Dura Beauty ,35135,899.0
54.0,Package - Energy Star w/Neem+Plus - DW ,54315,5508.0
1.0,Package - Faucet EVA - Brushed Nickel ,17687,1295.0
1.0,Package - Wilmington Porch ,21597,8510.0
1.0,Pantry/Linen - 3 Door - Hardwood LOC: MBA *SEE PRINT*,2931,325.0
1.0,"Plt310 - Package - Hardware - Satin Silver **INCLUDES:  SATIN SILVER CAB KNOBS(SEE SUB BELOW), INTERIOR DOOR LEVER HANDLES, DOOR HINGES T/O**",16454,175.0
1.0,Range - Electric - Smooth Top - Self Cleaning - Stnls Stl ,27200,395.0
2.0,Recept - Exterior - GFI - Add LOC: PORCH,3033,160.0
1.0,Recept - Exterior - GFI w/Dedicated 20 AMP Circuit - Add REAR DOOR,19739,150.0
1.0,Refrigerator - 25 CF SxS w/Ice & Water in Door - Stnl Stl ,27211,9999.0
20.0,Ship Loose - Transition Bar - Color Match (per LF) ,58875,130.0
1.0,Shower Head Hand Held w/Divertor - Chrome ,16670,410.0
1.0,"Shower Tile 80"" w/Door ILO 4 PC 60"" Tub TILE COLOR: CRESCENT VILLA CORA_x000D_
ACCENT: WHISPER WHITE",19423,3080.0
138.0,Siding - Lap & Batt ILO Standard (per Perimeter Ft) ALL SIDES EXCEPT IN CUT-BACK EAVE AREA (SEE PRINT),19763,2070.0
1.0,Sink - Undermount - GBath ,7991,315.0
2.0,Sink - Undermount - MBath ,7990,630.0
2.0,"Solatube - 10"" BATH-2, UTILITY_x000D_
**N/A ABOVE ROOF HINGE POINT**",16520,700.0
1.5,"Stretch - 16"" DW 24"" STRETCH THROUGH STUDY & BDRM-2 (INCLUDING CLOSET)",19344,2475.0
1.0,Switch - Interior Rocker T/O ,3415,75.0
3.0,TV Box w/Pull Wire ,16660,150.0
1.0,Thermostat - Smart ,54312,9999.0
5.0,"Tile Backsplash - 6"" Mosaic (per LF) ",16613,90.0
9.0,"Tile Backsplash - 6"" Mosaic (per LF) ",16613,162.0
1.0,Tile Backsplash - Behind Range - Full Mosaic ,17500,175.0
1.0,"Tile Backsplash - Full Wall - Mosaic Tile B/S COLOR: WHISPER WHITE_x000D_
BEHIND RANGE: WHISPER WHITE",9998,750.0
1.0,Toilet - Handicap ,19155,110.0
1.0,Toilet - Handicap ,19155,110.0
1.0,"Tub/Shower One Piece 60"" ILO 4 PC ",19686,525.0
1.0,Window - 14 x 40 - Obscure LOC: MBATH,1738,190.0
1.0,Window - 36 x 59 (each) LOC: MBR ENDWALL,17482,380.0
1.0,Window - 46 x 8 - Obscure OVER MBATH SHOWER,16495,205.0
1.0,Window - Relocate BDRM-2; RELOCATE CLOSER TO FRONT END WALL TO FIT CUTBACK EAVE AREA (SEE PRINT),3079,125.0
1.0,Wtr Htr - 50 Gallon Electric ,47,195.0
